,名称/规格,规格,月售,赞,价格,原价
0,[同仁堂]六合定中丸9g*10丸,9g*10丸,0,0,18.3,18.3
1,[999]感冒灵胶囊0.5g*12粒,0.5g*12粒,71,4,15.5,17.5
2,[同人泰]藿香正气颗粒10g*20袋,10g*20袋,0,0,15,15
3,[云鹏]布洛芬缓释胶囊0.3g*11粒*2板,0.3g*11粒*2板,0,0,19.8,19.8
4,[银贪]复方银翘氨敏胶囊 36粒/盒,36粒/盒,2,0,38,38
5,[诺捷康]布洛芬颗粒 10包*1盒,10包*1盒,0,0,12.8,12.8
6,[金鹿]对乙酰氨基酚片 0.5g*12片/盒,0.5g*12片/盒,0,0,3.8,3.8
7,[欧意]藿香祛暑软胶囊0.45g*12粒,0.45g*12粒,0,0,14.6,14.6
8,[桑海]小柴胡颗粒10g*10袋,10g*10袋,0,0,31.2,31.2
9,[力克舒]复方氨酚烷胺片24片,24片,0,0,25,25
10,[立效]藿香正气胶囊0.3g*12粒*2板,0.3g*12粒*2板,0,0,16,16
11,[仲景]小柴胡汤丸（浓缩丸）200丸,200丸,1,0,42.9,42.9
12,[康欣诺泰] 桑菊感冒片30片/盒,30片/盒,0,0,11.7,11.7
13,[美福临]布洛芬缓释胶囊0.3g*12粒/板*3板/盒,0.3g*12粒/板*3板/盒,0,0,42.3,42.3
14,[川奇]感冒灵胶囊0.5g*12粒*2板,0.5g*12粒*2板,0,0,46.3,46.3
15,[佛慈]川芎茶调丸(浓缩丸)200丸,200丸,0,0,25.7,25.7
16,[丹神]清咽六味散1.5g×6袋,1.5g×6袋,0,0,34.6,34.6
17,[方略]柴黄胶囊0.42g*10粒*2板,0.42g*10粒*2板,0,0,18.2,18.2
18,[仁和]四季感冒片0.37g*15片*2板,0.37g*15片*2板,3,0,22,22
19,[欧意]藿香祛暑软胶囊0.45g*12粒*2板,0.45g*12粒*2板,0,0,38,38
20,[云南白药]藿香正气胶囊0.3g*12粒*2板,0.3g*12粒*2板,12,1,12.8,12.8
21,[三金]西瓜霜润喉片 0.6g*36片/盒,0.6g*36片,75,1,7.1,8.5
22,[力胜]布洛芬缓释胶囊0.3g*10粒*2板,0.3g*10粒*2板,0,0,16,16
23,[芬必得]布洛芬咀嚼片0.2g*10片,0.2g*10片,8,0,23.5,23.5
24,[感康]复方氨酚烷胺片12片,12片,1000+,5,15.8,15.8
25,[加合百服宁]酚咖片10片,10片,3,0,12.4,12.4
26,[太极]感冒清热颗粒12g*8袋/盒,12g*8袋/盒,3,0,12.7,12.7
27,[康福]感冒退烧片15片*2板,15片*2板,0,0,9,9
28,[仁和可立克]风寒感冒颗粒8g*9袋,8g*9袋,5,0,30,30
29,龙虎人丹0.04g*100粒,0.04g*100粒,0,0,19.8,19.8
30,[川渝牌]阿咖酚散 100包,100包,2,0,11.8,11.8
31,[希福尼]头孢地尼分散片50mg*6片,50mg*6片,3,0,40.4,40.4
32,[三诺]金稳型血糖测试系统1台,1台,0,0,9988,9988
33,[杜蕾斯]人体润滑液热感装 50ml激情热感,50ml激情热感,10,1,42.3,42.3
34,[杜蕾斯]天然胶乳橡胶避孕套(激情装)52mm*12只,52mm*12只,0,0,39.9,39.9
35,[冈本]天然胶乳橡胶避孕套(纯)(53±2mm)*10片,(纯 光面型 粉红色)(53±2mm)*10片,0,0,38.6,38.6
36,[冈本]天然胶乳橡胶避孕套(0.3超润滑)*10片,(0.3超润滑)*10片,0,0,139,139
37,[万华]早早孕检测试纸（验孕棒）1人份,板型1人份,29,1,10,10
38,[杜蕾斯]天然胶乳橡胶避孕套(紧型超薄装) 12只装/盒,12只装/盒,0,0,78,78
39,[杜蕾斯]天然胶乳橡胶避孕套(凸点螺纹热感装)56mm*3只,56mm*3只,0,0,17.9,17.9
40,[杜蕾斯]天然胶乳橡胶避孕套(活力装)52mm*12只,52mm*12只,7,0,31.2,31.2
41,[大卫]早早孕（HCG）检测试盒,1支（RH-HCG-C01）,0,0,9,9
42,验孕避孕小药箱,详见说明书,0,1,81.2,81.2
43,[北京同仁堂]口腔溃疡散3g*6瓶,3g*6瓶,2,0,17.5,17.5
44,[孚舒达]甲硝维参阴道栓(曾用名：复方甲硝唑栓)0.5g*4粒*2板,0.5g*4粒*2板,5,0,50,50
45,[新天]坤泰胶囊0.5g*12粒*2板,0.5g*12粒*2板,0,0,24,24
46,[达克宁栓剂]硝酸咪康唑栓0.2g*7枚,0.2g*7枚,11,0,29.5,29.5
47,[金鸡]金鸡胶囊0.35g*48粒,0.35g*48粒,0,0,58,58
48,[葵花]康妇消炎栓2.0g*6粒/盒,2.0g*6粒/盒,0,0,41,41
49,［伊人］甲硝唑氯己定洗剂 50ml*7瓶/盒,50ml*7瓶/盒,3,0,27.6,27.6
50,[长生]百草妇炎清栓 4g*6粒,4g*6粒/盒,0,0,89.5,89.5
51,[葵花]更年安片0.3g*12片*4板,0.3g*12片*4板,0,0,28,28
52,[一半天]保妇康凝胶2g*4支,2g*4支,5,0,33.9,33.9
53,[贵州百灵]康妇灵胶囊0.4g*12粒*3板,0.4g*12粒*3板,0,0,37.2,37.2
54,[同仁堂]荷叶丸9g*10丸,9g*10丸,0,0,19.8,19.8
55,[弗吉宁]二妙丸6g*20袋,6g*20袋,0,0,28,28
56,[佰莫亭]甲磺酸溴隐亭片2.5mg*30片/盒,2.5mg*30片,0,0,136,136
57,[舒甚]田七痛经胶囊 0.4g*48粒/盒,0.4g*48粒/盒,1,0,39,39
58,[天基]小金胶囊0.3g*16粒/盒,0.3g*16粒,0,0,69,69
59,[良方制药]消结安胶囊0.38g*24粒/盒,0.38g*24粒,0,0,36,36
60,[健民集团]小金胶囊0.35g*12粒/盒,0.35g*12粒,0,0,78,78
61,[芙容丽]宫炎康颗粒9g*12袋/盒,9g*12袋,0,0,12,12
62,[艾无尤]左炔诺孕酮胶囊0.75mg*2粒,0.75mg*2粒,0,0,35,35
63,[鲁北]咖啡酸片0.1g*18片/盒,0.1g*18片,2,0,57.6,57.6
64,[东泰]聚维酮碘栓6枚,6枚,0,0,19.5,19.5
65,[东信]双唑泰栓7粒,7粒,0,0,26,26
66,[东信]聚维酮碘栓7枚,7枚,1,0,25.9,25.9
67,[春花]人胎盘片0.25g*24片/盒,0.25g*24片,0,0,75.4,75.4
68,[国帝]复方莪术油栓50mg*3枚*2板,50mg*3枚*2板,0,0,40,40
69,[坤立舒]苦参凝胶 5g*5支,5g*5支,0,0,87.8,87.8
70,[皇隆]甲硝唑氯己定洗剂50ml*6瓶,50ml*6瓶,0,0,38.7,38.7
71,[太极]逍遥颗粒15g*10袋,15g*10袋,1,0,32.5,32.5
72,[宫宝]红花逍遥片0.4g*12片*2板,0.4g*12片*2板,0,0,94.4,94.4
73,[健兴]康妇凝胶3g*3支/盒,3g*3支,0,0,89.7,89.7
74,[天水岐黄]浓缩当归丸(浓缩丸)200丸,200丸,0,0,12.5,12.5
75,[佳泰]妇炎康软胶囊0.5g*36粒/盒,0.5g*36粒,1,0,27.8,27.8
76,[坤立舒]苦参凝胶5g*4支,5g*2支*2板,0,0,49.8,49.8
77,[宝嫩牌]乳癖散结胶囊0.53g*12粒*3板,0.53g*12粒*3板,0,1,36.3,36.3
78,[琪宁]黄体酮软胶囊100mg*6粒,100mg*6粒,1,0,21.5,21.5
79,[太极]妇宝颗粒10g*8袋,10g*8袋,0,0,29,29
80,[仁和]桂附地黄丸(浓缩丸)216丸,216丸,0,0,19.6,19.6
81,[民济]全鹿丸6g*10袋,6g*10袋,1,0,19,19
82,[仁和]参鹿补片0.31g*12片*2板*8小盒,0.31g*12片*2板*8小盒,0,0,358,358
83,[老拨云堂]普乐安片60片/盒,60片,0,0,8.8,8.8
84,[步长]前列舒通胶囊0.4g*18粒*2板,0.4g*18粒*2板,2,0,54.4,54.4
85,[葵花]金匮肾气丸200丸/瓶,200丸*1瓶,1,0,19.8,19.8
86,[齐索]盐酸坦洛新缓释胶囊0.2mg*10粒/盒,0.2mg*10粒,0,0,39.5,39.5
87,[佛慈]桂附地黄丸(浓缩丸)200丸,200丸,1,0,20.2,20.2
88,[诺得胜]补肾强身片18片*3板,18片*3板,0,0,29.8,29.8
89,[吉春黄金]补肾斑龙片0.36g*12片*2板,0.36g*12片*2板,0,0,25,25
90,[健兴]健阳胶囊0.4g*30粒/盒,0.4g*30粒,0,0,133.9,133.9
91,[独一味]前列安通片0.38g*36片/盒,0.38g*36片（薄膜衣）,0,0,24,24
92,[特一]金匮肾气片0.27g*100片,0.27g*100片,0,0,29.9,29.9
93,[巴畅]非那雄胺片5mg*10片/盒,5mg*10片,0,0,28.5,28.5
94,[白云山]前列通片0.34克*108片/盒,0.34克*108片,0,0,30,30
95,[石药] 前列舒乐软胶囊 0.6g*28粒,0.6g*28粒,0,0,39,39
96,[仁丰]全鹿丸6g*10袋,6g*10袋,0,0,19.5,19.5
97,[可伊]新复方芦荟胶囊0.43g*10粒*3板,0.43g*10粒*3板,11,0,29.3,29.3
98,[赛睿]大山楂丸9g*10丸,9g*10丸,14,0,5,5
99,[南药]乳酶生片0.15g*100片,0.15g*100片,57,2,2.5,2.5
100,[达吉]复方消化酶胶囊10粒*2板,10粒*2板,1,0,44.9,44.9
101,[昆中药]暖胃舒乐颗粒4g*8袋,4g*8袋,0,0,32,32
102,[马应龙]痔炎消片0.53g*10片*3板,0.53g*10片*3板,0,0,43.8,43.8
103,[999]气滞胃痛颗粒5g*12袋,5g*12袋,11,3,21.5,24
104,[同仁堂]平胃丸6g*6袋,6g*6袋,0,0,28,28
105,[必奇]蒙脱石散3g*10袋,3g*10袋,1,0,18,19
106,[易善复]多烯磷脂酰胆碱胶囊228mg*24粒,228mg*24粒,3,0,50.8,51.9
107,[安达]铝镁加混悬液15ml:1.5g*12袋,15ml:1.5g*12袋,2,1,28.8,30.6
108,[国风]快胃片0.35g*90片/盒,0.35g*90片,0,0,23.5,23.5
109,[黄连之乡]复方黄连素片30mg*24s*2板/盒,30mg*24s*2板 糖衣,0,0,24,24
110,[海力医生]奥美拉唑肠溶胶囊20mg*14粒/盒,20mg*14粒,0,0,19.9,19.9
111,[万年青]消炎利胆片100片,100片,0,0,12.7,12.7
112,[洛赛克]奥美拉唑镁肠溶片20mg*14片/盒,20mg*14片,0,0,175,175
113,云南白药痔疮膏1.5g*6支,1.5g*6支(卫生护垫6片),1,0,35.9,35.9
114,[太极]复方黄连素片30mg*12片*3板,30mg*12片*3板,0,0,18.5,18.5
115,[博路定]恩替卡韦片0.5mg*7片,0.5mg*7片,0,0,215,215
116,[三花]红花清肝十三味丸30丸*2板,30丸*2板,0,0,42,42
117,[雨田青]雷贝拉唑钠肠溶胶囊(微丸型)10mg*7粒,10mg*7粒,0,0,37,37
118,[维敏胶囊]胶体果胶铋胶囊12粒*2板,12粒*2板,0,0,16.7,16.7
119,[科伦]乳果糖口服溶液 100ml,100ml,0,0,43.8,43.8
120,[海南万州]枫蓼肠胃康片 0.2g*12片*2板/盒,0.2g*12片*2板/盒,0,0,7,7
121,[胡庆余堂]胃复春片0.36g*60片/瓶,0.36g*60片*1瓶,0,0,23.8,23.8
122,[凯那] 贝前列素钠片20μg*10片,20μg*10片,0,0,85.5,85.5
123,[云鹏]胶体果胶铋胶囊50mg*12粒/板*2板/盒,50mg*12粒/板*2板/盒,0,0,15,15
124,[同仁堂]调中四消丸 6g*10袋/盒,6g*10袋/盒,0,0,14,14
125,[便塞停]比沙可啶肠溶片5mg*16片,5mg*16片,1,0,56,56
126,[得必欣]奥美拉唑肠溶胶囊20mg*14粒,20mg*14粒,0,0,19.8,19.8
127,[修正] 硫酸庆大霉素碳酸铋胶囊 10粒,10粒,3,0,19.5,19.5
128,[开济]泮托拉唑钠肠溶片40mg*14片,40mg*14片,0,0,28,28
129,[迪尔舒]胸腺肽肠溶片20mg*10片,20mg*10片,12,0,19.5,19.5
130,[京新]西沙必利片5mg*10片,5mg*10片,0,0,9,9
131,[丁齐尔]雷贝拉唑钠肠溶片10mg*7片,10mg*7片,0,0,25.9,25.9
132,[新峰药业]消炎利胆片100片,100片,0,0,6.7,6.7
133,[修正]化痔灵片12片*3板,12片*3板,0,0,27,27
134,[彼迪]胶体果胶铋胶囊50mg*24粒/盒,50mg*24粒,0,0,6.8,6.8
135,[汉源]龙胆泻肝丸6g*10袋,6g*10袋,1,0,12.5,12.5
136,[健通]护肝片0.35g*100片,0.35g*100片,0,0,28,28
137,[利动]乳果糖口服溶液60ml(1ml:667mg),60ml(1ml:667mg),10,0,45,45
138,[严煞]炎可宁片0.31g*12片*2板/盒,0.31g*12片*2板/盒,1,0,15,15
139,[立效]龙胆泻肝丸6g*20袋,6g*20袋,0,0,41.6,41.6
140,[葵花]健胃消食片(山楂口味)0.5g*12片*3板,0.5g*12片*3板,1,0,14.5,14.5
141,[天天乐]复方黄连素片 30mg*24片,30mg*24片,0,0,13,13
142,[世纪神龙]胃康胶囊 0.3g*36粒/盒,0.3g*36粒/盒,0,0,33.7,33.7
143,[慰泰]维U颠茄铝胶囊Ⅲ12粒*2板,12粒*2板,0,0,12,12
144,[后天健]熊胆痔疮膏10g/支,10g/支,0,0,25,25
145,[索达宁]泮托拉唑钠肠溶片40mg*16片/盒,40mg*16片,0,0,52.4,52.4
146,[佛慈]润肠丸(浓缩丸)200丸,200丸,0,0,18.5,18.5
147,[先宁]兰索拉唑肠溶片15mg*14片/盒,15mg*14片/盒,0,0,28,28
148,[孔孟]四消丸6g*10袋,6g*10袋,0,0,28,28
149,[俞氏]兰索拉唑肠溶胶囊30mg*5粒,30mg*5粒,0,0,66,66
150,[万通]熊胆痔灵栓2g*8粒,2g*8粒,0,0,30,30
151,[东方红]肠胃宁片0.3g*15片*3板,0.3g*15片*3板,1,0,19.5,19.5
152,[舒威]枸橼酸铋雷尼替丁胶囊0.2g*28粒/瓶,0.2g*28粒/瓶,0,0,79,79
153,[百灵鸟]六味消痔片0.3g*36片/盒,0.3g*36片,0,0,31.9,31.9
154,[国嘉] 茴三硫胶囊 25mg*32粒/盒,25mg*32粒,0,0,57.2,57.2
155,[丹神]利肝和胃丸15g*2瓶,15g*2瓶,0,0,74.8,74.8
156,[宝仁堂]木香顺气丸6g*9袋/盒,6g*9袋/盒,0,0,28.6,28.6
157,[葵花]小儿咳喘灵口服液10ml*6支/盒,10ml*6支,3,0,21.8,21.8
158,[同仁堂]小儿感冒口服液10ml*10支,10ml*10支,5,0,42,42
159,[鲁南]小儿消积止咳口服液10ml*10支,10ml*10支,6,0,48.5,48.5
160,[葵花]小儿清热止咳口服液10ml*6支,10ml*6支,6,0,32,32
161,[同仁堂]小儿清热宁颗粒4g*10袋,4g*10袋,8,0,16.5,16.5
162,[嘉宁]小儿清热止咳口服液100ml/瓶,100ml/瓶,0,0,24.3,24.3
163,[敖东]小儿柴桂退热口服液10ml*10支,10ml*10支,2,0,26.6,26.6
164,[艾茵美]维生素AD滴剂(0～1岁胶囊型)48粒/盒,0～1岁12粒*4板/盒,0,0,29,29
165,[可威]磷酸奥司他韦颗粒  25毫克*10袋,25mg*10袋,0,0,114,114
166,[同仁堂]小儿香橘丸3g*10丸,3g*10丸,0,0,16.5,16.5
167,[同仁堂]肥儿丸3g*10丸,3g*10丸,0,0,16.7,16.7
168,[小快克]小儿氨酚黄那敏颗粒(草莓味)4g*10袋,4g*10袋,5,0,12.5,12.5
169,[优卡丹]小儿氨酚黄那敏颗粒3g*20袋/盒,3g*20袋/盒,0,0,29.8,29.8
170,[亚宝]葡萄糖酸锌口服溶液10ml*10支,10ml*10支,0,0,13,13
171,[华严]葡萄糖酸锌颗粒 70mg*10包,70mg*10包,0,0,18.6,18.6
172,[惠州中药]保儿安颗粒10g*8袋,10g*8袋,0,0,29,29
173,[美林] 布洛芬混悬滴剂 20ml,20ml,0,0,59.8,59.8
174,[宏远]小儿氨酚黄那敏颗粒6g*10袋,6g*10袋,1,0,11,11
175,[正堂]儿滞灵冲剂7g*6块/盒,7g*6块/盒,0,0,63.5,65
176,[吉特]婴儿健脾散0.5g*12袋,0.5g*12袋,0,0,23,23
177,[泰诺林-儿童]对乙酰氨基酚口服混悬液100ml*1瓶/盒,100ml*1瓶/盒,3,0,27.6,27.6
178,[神威]小儿清肺化痰颗粒6g*10袋,6g*10袋,0,0,19,19
179,[999]小儿咽扁颗粒8g*10袋,8g*10袋,2,0,27.3,27.3
180,[三力]开喉剑喷雾剂(儿童型)15ml,15ml,1,0,62,62
181,[米阿卡]健儿消食口服液10ml*10支,10ml*10支,0,0,29.9,29.9
182,[仁和]盐酸氟桂利嗪胶囊5mg*24粒*1板,5mg*24粒*1板,0,0,19,19
183,[瓦格兰]石杉碱甲片50微克*24片,50微克*24片,0,0,28,28
184,[同仁堂] 清心滚痰丸 3g*10丸/盒,3g*10丸/盒,2,0,29.8,29.8
185,[东乐]甲钴胺胶囊0.5mg*10粒*2板,0.5mg*10粒*2板,0,0,25,25
186,[鹏鹞]盐酸金刚烷胺片0.1g*100片,0.1g*100片,0,0,8.8,8.8
187,[安康]谷维素片10mg*100片,10mg*100片,3,0,15,15
188,[得理多]卡马西平片0.2g*30片/盒,0.2g*30片,0,0,38.8,38.8
189,[四环]奥卡西平片0.3g*30片/盒,0.3g*30片,0,0,104,104
190,[天衡]巴氯芬片(枢芬)10mg*10片/盒,10mg*10片/盒,2,0,28.6,28.6
191,[信谊]卡马西平片0.1g*100片,0.1g*100片,0,0,31,31
192,[艾诺克]醋酸甲地孕酮分散片40mg*24片/盒,40mg*24片/盒,1,0,99,99
193,[华颐]威麦宁胶囊0.4g*60粒/瓶/盒,0.4g*60粒/瓶/盒,0,0,172,172
194,[可威]磷酸奥司他韦胶囊 75mg×6粒,75mg×6粒,0,0,108,108
195,[利君沙]琥乙红霉素片0.125克*12片*2板/盒,0.125克*12片*2板,3,0,11,11
196,[京丰]乙酰螺旋霉素片0.1g*12片/板*2板/盒,0.1g*12片/板*2板/盒,0,0,3.8,3.8
197,[再林]阿莫西林颗粒 0.125g*24袋/盒,0.125克*24袋,0,0,17.2,17.2
198,[斯皮仁诺]伊曲康唑胶囊 0.1g*14粒/盒,0.1g*14粒,0,1,124.6,124.6
199,[湘江]利巴韦林颗粒50mg*18袋/盒,50mg*18袋/盒,0,0,9.5,9.5
200,[明竹欣]盐酸伐昔洛韦胶囊0.15g*6粒,0.15g*6粒,0,0,25.8,25.8
201,[希刻劳]头孢克洛干混悬剂 0.125g*6袋/盒,0.125g*6袋/盒,1,0,28.8,28.8
202,[京益]茶苯海明片25mg*20片,25mg*20片,1,1,18,18
203,[鲁北]咖啡酸片 0.1g*18片*2板,0.1g*18片*2板,1,1,94,94
204,[华北制药]青霉素V钾片0.236g*15片/盒,0.236g*15片/盒,2,0,26,26
205,[明瑞]阿昔洛韦片0.1g*24片/盒,0.1g*24片/盒,0,0,6.9,6.9
206,[强力阿莫仙]阿莫西林克拉维酸钾片0.375g*6片,0.375g*6片,0,0,25.7,25.7
207,[哈药]阿莫西林胶囊0.25g*50粒,0.25g*50粒,1,0,15,15
208,[赐尔泰] 甲苯磺酸妥舒沙星片 0.15g*10片,0.15g*10片,0,0,37.1,37.1
209,[双鹤药业]盐酸左氧氟沙星胶囊 0.1g*12粒,0.1g*12粒,0,0,11.2,11.2
210,[维力泰]盐酸左氧氟沙星片0.1g*12片/盒,0.1g*12片/盒,3,0,14.3,14.3
211,[汾河]吲哚美辛胶囊10粒*3板/盒,10粒*3板/盒,0,0,4.7,4.7
212,[特一]止咳宝片0.35g*12片*3板,0.35g*12片*3板,7,0,26.5,39.8
213,[吉春]金果饮咽喉片1g*8片,1g*8片,2,0,10.5,10.5
214,[天津中新]清咽滴丸50丸*2瓶,50丸*2瓶,3,0,35,36.9
215,[诺金]百合固金片0.4g*15片*2板,0.4g*15片*2板,0,0,16,16
216,[葵花]川贝清肺糖浆15ml*6支,15ml*6支,0,0,32.8,32.8
217,[宏济堂]金鸣片(薄膜衣片)0.6g*12片*2板,0.6g*12片*2板,1,0,28.5,28.5
218,[汉晨]盐酸氨溴索口服溶液100ml,100ml,1,0,23.7,23.7
219,[昌弘]双花草珊瑚含片0.5g*12片*4板,0.5g*12片*4板,2,0,19.5,19.5
220,[夫人]氢溴酸右美沙芬口服溶液160ml/瓶,160ml/瓶,14,0,37.8,37.8
221,[鲁南]桔贝合剂10ml*6支,10ml*6支,3,0,46,46
222,[同仁堂]喉症丸100粒/盒,100粒,0,0,15.5,15.5
223,[贵州百灵]双羊喉痹通颗粒10g*6袋,10g*6袋,0,0,39.8,39.8
224,[葵花]哮喘片12片*2板,12片*2板,0,0,21.1,21.1
225,[孔府]牛黄蛇胆川贝液10ml*12支,10ml*12支,0,0,36,36
226,[太极]清喉咽颗粒18g*6袋,18g*6袋,0,0,28,28
227,[平奇]孟鲁司特钠片10mg*6片*2板,10mg*6片*2板,0,0,78.2,78.2
228,[福康]利肺片0.45g*24片,0.45g*24片,0,0,31.1,31.1
229,[神鹤]铁笛片1g*24片,1g*24片,2,0,29.8,29.8
230,[健兴] 肺力咳胶囊 0.3g*30粒,0.3g*30粒,0,0,27.2,27.2
231,[君美]肺宁颗粒10g*10袋,10g*10袋,2,0,13,13
232,[抒坦清]盐酸氨溴索分散片 30mg*20片,30mg*20片,0,0,16.8,16.8
233,[香雪]橘红痰咳煎膏250g,250g,0,0,53.3,53.3
234,[今辰]盐酸氨溴索口服溶液(无糖型)100ml：0.6g,100ml：0.6g,0,0,31.2,31.2
235,[亚宝]牛黄解毒片12片*2板(糖衣片)/盒,12片*2板(糖衣片),0,0,25,25
236,[乐仁堂]清喉利咽颗粒10g*10袋,10g*10袋,0,0,29.2,29.2
237,[益佰]半夏止咳糖浆100ml,100ml,0,0,28.6,28.6
238,[999]强力枇杷露225ml,225ml,0,0,36,36
239,[川奇]强力枇杷露200ml,200ml,0,0,39.7,39.7
240,[龙仕康]复方贝母片 10片*2板,10片*2板,0,0,34.8,34.8
241,[同仁堂]秋梨润肺膏100g,100g,0,0,35,35
242,[方略]金果饮咽喉片0.5g*36片,0.5g*36片,0,0,12.9,12.9
243,[达仁堂]橘红丸6克*10丸,6克*10丸,0,0,51.5,51.5
244,[金石]盐酸氨溴索片30mg*20片,30mg*20片,0,0,18.3,18.3
245,[天山]桂龙咳喘宁片0.34g*18片*2板,0.34g*18片*2板,0,0,77.9,77.9
246,[天方]甲磺酸左氧氟沙星片6片*2板/盒,6片*2板/盒,0,0,18.3,18.3
247,[东药]盐酸克林霉素胶囊0.15g*10粒*2板/盒,0.15g*10粒*2板/盒,12,1,11.6,11.6
248,[皇威]金莲花胶囊 0.35g*24粒/盒,0.35g*24粒/盒,0,0,38.1,38.1
249,[修正]咽炎片0.25g*15片*2板,0.25g*15片*2板,0,0,50.7,50.7
250,[爱全乐]吸入用异丙托溴铵溶液2ml：500ug*10支/盒,2ml：500ug*10支/盒,0,0,88.4,88.4
251,[白云峰]冰硼含片0.6g*12片*2板/盒,0.6g*12片*2板,0,0,5.3,5.3
252,[喜人]清开灵泡腾片24片,24片,0,0,37.8,37.8
253,[花城]猴耳环消炎片0.2g*100片/盒,0.2g*100片,0,0,20.8,20.8
254,[杨济生]复方鲜竹沥液10ml*10支,10ml*10支,1,0,38.7,38.7
255,[湖北凤凰]复方氢溴酸右美沙芬糖浆100ml,100ml,0,0,95,95
256,[白云山]辛夷鼻炎丸30g/盒,30g/盒,1,0,32,32
257,[开颜]医用棉签(竹杆棉花棒)160支,160支,1,0,16.8,16.8
258,[开颜]创可贴(关节专用组合已灭菌)6片,6片,1,0,12.8,12.8
259,[科邦]一次性使用灭菌橡胶外科手套(有粉弯曲手指/麻面)1副,1副,5,0,3.5,3.5
260,[虎镖]医用冷敷贴(双层透皮贴D腰椎型)90mm*120mm*6贴,90mm*120mm*6贴,0,0,32,32
261,康祝真空拔罐器B1*6罐,B1*6罐,1,0,36,36
262,[开颜]创可贴(透明防水超大型已灭菌)100mm*50mm*2片,100mm*50mm*2片,5,0,8.9,8.9
263,[开颜]创可贴(指尖专用组合已灭菌)6片,6片,0,0,12.8,12.8
264,[鱼跃]听诊器(全铜听头)单用,单用,0,0,25.2,25.2
265,[鱼跃]颈椎牵引器B型,B型,0,0,98,98
266,[虎镖]医用冷敷贴(双层透皮贴H骨质增生型)90mm*120mm*6贴,90mm*120mm*6贴,0,0,48,48
267,[稳健]优肌绊无纺胶带12mm*7m*1卷,12mm*7m*1卷,1,0,15.2,15.2
268,[强生]血糖试纸(稳豪型)25片*2瓶,25片*2瓶,0,0,215,215
269,[鼻可乐]鼻腔清洗器1个,1个,0,0,168,168
270,[怡成超越]JPS-7型血糖仪血糖仪1台组合装,血糖仪1台(JPS-7型)+血糖试条20支*2盒+一次性使用末梢采血针10支*4,0,0,198,198
271,[小林]小林冰宝贴(0-2岁婴儿用)4片装,4片装,5,0,29,29
272,[邦f]透明防水创可贴63mm*25mm*5片,63mm*25mm*5片,19,3,5.4,5.4
273,[怡成]5D-8系列血糖仪(微信蓝牙)5D-8B型,5D-8B型,0,0,258,258
274,[奇力康]晕车贴φ1.8cm*6片,φ1.8cm*6片,3,0,27.8,27.8
275,[欧姆龙]压缩式雾化器NE-C801S,NE-C801S,0,0,582,582
276,[艾科] 乐易捷血糖测试纸套装 (3+1盒试纸)/盒,25条/盒,0,0,60,60
277,[撒隆巴斯]医用冷敷贴镇痛贴6贴/盒,14cm*10cm*6片,1,0,79,79
278,[鱼跃]腕式电子血压计YE8600A/盒,YE8600A/盒,0,0,358,358
279,[棉花朵朵]纱布绷带1卷/袋,6cm*600cm1卷/袋,0,0,17.5,17.5
280,[爱奥乐]血糖测试仪,G-425-3+S（50）,0,0,273,273
281,[PCS]腰椎固定带(PCS-5012M)1个,1个,0,0,476.7,476.7
282,[RELA*SAN]医疗压力带1双,1双,0,0,517.1,517.1
283,[珍琦]医用垫单M中号10片/包,M中号10片/包,0,0,38.9,38.9
284,[稳健]医用护理口罩(颜色随机) 14.5*9cm*30袋/盒,14.5*9cm*30袋/盒,0,0,59.8,68.5
285,[国医研]刮痧精油100ml,100ml,5,0,20,20
286,[柯林]龙安84除菌液500ml,500ml,0,0,9,9
287,[千金湘江]格列齐特片 80mg*100片,80mg*100片,0,0,35.5,35.5
288,[光辉]丙硫氧嘧啶片50mg*100片/盒,50mg*100片,1,0,19.8,20.8
289,[万苏平]格列美脲片1mg*24片,1mg*24片,0,0,22.7,22.7
290,[安立泽]沙格列汀片5mg*7片,5mg*7片,0,0,69.6,69.6
291,[双鹤药业]盐酸二甲双胍缓释片0.5克*30片,0.5克*30片,0,0,36.7,36.7
292,[富格]天麦消渴片0.12g*24片/盒,0.12g*24片,0,0,57.4,57.4
293,[欧唐宁]利格列汀片5mg*7片/盒,5mg*7片,0,0,73,73
294,[雷替斯]左甲状腺素钠片50ug*50片/盒,50ug*50片/盒,0,0,20,20
295,[将唐君]盐酸二甲双胍片 0.25g*24片,0.25g*24片,0,0,4.5,4.5
296,[智唐]格列吡嗪控释片5mg*12片/盒,5mg*12片/盒,0,0,72,72
297,[君力达]盐酸二甲双胍肠溶胶囊0.25g*24粒,0.25g*24粒,0,0,15.6,15.6
298,[秦苏] 格列吡嗪缓释片 5mg*24片,5mg*24片,0,0,38.1,38.1
299,[地奥]盐酸贝那普利片10mg*10片/盒,10mg*10片,0,0,32.1,32.1
300,[麦克罗辛]盐酸二甲双胍缓释片0.5g*24片/盒,0.5g*24片,0,0,18.2,18.2
301,[神济]甘露消渴胶囊0.3g*60粒/盒,0.3g*60粒/盒,0,0,35,35
302,[美大康]格列齐特片80mg*60片/盒,80mg*60片,0,0,25,25
303,[雅塑]奥利司他胶囊0.12g*6粒/盒,0.12g*6粒,0,0,52.2,52.2
304,[美克]联苯苄唑乳膏10g,10g,2,0,22,22
305,[水仙]风油精5ml,5ml,5,0,18.3,18.3
306,[普华]参皇软膏30g,30g,0,0,11.5,11.5
307,[班赛]过氧苯甲酰凝胶15g,15g,5,0,33,33
308,[天龙]乌洛托品溶液20ml,20ml,0,0,29.8,29.8
309,[必伏]联苯苄唑凝胶10g,10g,0,0,14.4,14.4
310,[福建太平洋]风油精6ml,6ml,0,0,4,4
311,[运佳]尿素维E乳膏20g:3g,20g:3g,3,0,9.3,9.3
312,[邦f]苯扎氯铵贴(防水型)4片,4片,0,0,6.7,6.7
313,[星元清]氯雷他定片10mg*8片,10mg*8片,1,0,14,14
314,[太平洋]醋酸氟轻松乳膏10g：2.5mg/支,10g：2.5mg/支,1,0,4.5,4.5
315,[明太医]拔毒膏0.5g*5贴/盒,0.5g*5贴,1,0,6.3,6.3
316,[东泰]百癣夏塔热胶囊0.4g*18粒/盒,0.4g*18粒,2,0,29.5,29.5
317,[保法止]非那雄胺片1mg*7片*4板,1mg*7片*4板,0,0,267,267
318,[明太医]拔毒膏0.5g*2贴*2袋,0.5g*2贴*2袋,1,0,11.4,11.4
319,[德众]复方珍珠暗疮片0.33g*84片,0.33g*84片,0,0,50,50
320,[雷允上]六神凝胶10g,10g,1,0,65,65
321,[邦f]苯扎氯铵贴8片,8片,25,3,3,3
322,[达克宁]硝酸咪康唑乳膏20g,20g,42,1,17.8,23.1
323,[扶严宁]醋酸曲安奈德益康唑乳膏15g,15g,6,0,18,18
324,[忧必青]咪喹莫特乳膏2g/支,2g/支,0,0,155,155
325,[仙琚]醋酸地塞米松片0.75mgX100片/瓶,0.75mgX100片/瓶,3,0,12,12
326,[息斯敏]氯雷他定片10mg*6片*2板/盒,10mg*6片*2板/盒,5,0,39.8,39.8
327,[太极]盐酸特比萘芬凝胶10g：0.1g,10g：0.1g,0,0,22.8,22.8
328,[汇科]复方酮康唑发用洗剂 50ml/盒,50ml,1,0,27.6,27.6
329,[恒诚]复方苦参水杨酸散40g*3袋,40g*3袋,0,0,8.8,8.8
330,[福建太平洋]曲安奈德益康唑乳膏16g,16g,0,0,19.5,19.5
331,[泰尔丝]异维A酸软胶囊10mg*10粒/盒,10mg*10粒,2,0,44.5,44.5
332,[恒健]过氧化氢溶液100ml,100ml(3%),5,0,10,10
333,[中联]足光散40g*3袋,40g*3袋,0,0,8.5,8.5
334,[武汉健民]足光散40g*3袋,40g*3袋,0,0,14.2,14.2
335,[迪维]维A酸乳膏0.1%*30g*1支/盒,0.1%*30g*1支,1,0,28.8,28.8
336,[黄埔]水杨酸苯甲酸松油搽剂20ml,20ml,0,0,7,7
337,[恒安]糠酸莫米松乳膏10g:10mg,10g:10mg,0,0,24,24
338,[迪康]肤痒颗粒(无糖型)6g*12袋,6g*12袋,0,0,33,33
339,[新和成]哈西奈德乳膏10g,10g,1,0,25.9,25.9
340,[圣济堂]重楼解毒酊30ml,30ml,1,0,67.6,67.6
341,[白云山]癣宁搽剂(癣灵药水)30ml/盒,30ml/盒,0,0,62.4,62.4
342,[益泰]风油精3ml,3ml,0,0,12.7,12.7
343,[芙原]积雪苷霜软膏20g(2.5%),20g(2.5%),0,0,98.3,98.3
344,[亮甲]复方聚维酮碘搽剂 3mlx2瓶,3mlx2瓶,0,0,88,88
345,[澳能]卤米松乳膏15g*1支/盒,15g*1支,0,0,37.2,37.2
346,[金爵]复方珍珠暗疮胶囊0.3g*36粒,0.3g*12粒*3板,0,0,22,22
347,[力言卓]地奈德乳膏15g(0.05%),15g(0.05%),10,1,28,28
348,[皿治林]咪唑斯汀缓释片10mg*7片,10mg*7片,0,0,22,22
349,[苏迪]依巴斯汀片10mg*7片,10mg*7片,6,0,18.4,18.4
350,[新和成]咪康唑氯倍他索乳膏10g,10g,1,0,4.8,4.8
351,[蒙王]外用溃疡散0.5g*4支/盒,0.5*4支/盒,0,0,44.2,44.2
352,[恒诚]复方醋酸曲安奈德溶液10ml,10ml,2,0,12,12
353,[999]糠酸莫米松乳膏10g/支/盒,10g/支/盒,0,0,22.5,22.5
354,[龙虎]风油精6ml,6ml,0,0,5.1,5.1
355,[德成]林可霉素利多卡因凝胶20g,20g,0,0,7.2,7.2
356,[名鹤]一肤王霜10g,10g,3,0,20,20
357,[奇力康]力康霜抗菌剂10g,10g,0,0,20,20
358,曼秀雷敦什果冰润唇膏(柠檬SPF15)3.5g,3.5g,1,0,20,20
359,冰王薰衣草修痕护肤液25ml,25ml,0,0,184.6,184.6
360,冰王痘克清痘修痕液30ml,30ml,0,0,72.2,72.2
361,[虎镖]洋甘菊护肤止痒花露水90ml,90ml,0,0,24.8,24.8
362,[六神]祛痱粉(内附粉扑)150g,150g,1,1,11,11
363,冰王鳄油冻疮消乳膏30g,30g,0,0,25,25
364,[虎镖]野橄榄保湿护手霜60g,60g,0,0,39.8,39.8
365,云南白药牙膏(留兰香型)180g,180g,0,0,36,36
366,[舒痕]硅凝胶15g/支/盒,15g/支/盒,0,0,271.6,271.6
367,[冰王]冰王芦荟柔润护手霜50g/支/盒,50g/支/盒,0,0,33.5,33.5
368,[隆力奇]驱蚊花露水(便携装)60ml,60ml,0,0,9.8,9.8
369,[六神]驱蚊花露水(薄荷香型)195ml,195ml,0,0,13.5,13.5
370,[ABC]卫生巾(日用) 240mm*8片,240mm*8片,11,1,9.9,9.9
371,冰王维E倍润护手霜(保湿修复配方)60g,60g,2,0,16,16
372,氏小蕃茄香薰手环2条,2条,0,0,39,39
373,[环渤淼]碘伏消毒液100ml,100ml,14,1,5,5
374,[小林暖宝宝]一次性使用取暖片 (5片 生理期用),5片,10,1,20,20
375,[保丽净]假牙清洁片 30片(专为全/半口假牙设计),30片(专为全/半口假牙设计),0,0,31,31
376,[百年合纵]医用外科口罩10片/包,10片/包,0,3,18.8,18.8
377,[芙润莱] 免洗外科手消毒凝胶 100ml/瓶,100ml/瓶,0,2,15,15
378,[独一味]独一味胶囊0.3g*24粒/盒,0.3g*24粒,2,0,25,25
379,[澄海楼]祖师麻片0.30g*36片/盒,0.3g*36片,0,0,25,25
380,[康缘] 抗骨增生胶囊0.35克*100粒 /盒,0.35克*100粒 /盒,0,0,43,43
381,[同仁堂]散寒活络丸3g*10丸,3g*10丸,0,1,35.8,35.8
382,[迪根]双氯芬酸钠缓释片0.1g*12片,0.1g*12片,11,0,16.5,16.5
383,[纷乐]硫酸羟氯喹片0.1g*14片,0.1g*14片,2,0,34,34
384,[阿法迪三]阿法骨化醇软胶囊20粒/盒,0.25ug*20粒,0,0,50,50
385,[云杉牌]龙血竭胶囊0.3g*24粒,0.3g*24粒,0,0,19.9,19.9
386,[仁和]双氯芬酸钠缓释片0.1g*22片,0.1g*22片,0,0,33,33
387,[宏强]美洛昔康片7.5mg*10片/盒,7.5mg*10片,0,0,22.5,22.5
388,[欧意]双氯芬酸钠肠溶片25mg*20片*2板,25mg*20片*2板,0,0,21.8,21.8
389,[同济堂] 仙灵骨葆片 100片/盒,0.3gx100片,0,0,65,65
390,云南白药4g+保险子1粒,4g+保险子1粒,1,0,17.1,17.1
391,[天津同仁堂]腰痛片(薄膜衣)0.35g*72片,0.35g*72片,0,0,19.6,19.6
392,[妥抒]来氟米特片10mg*20片,10mg*20片,0,0,76.3,76.3
393,[康美药业]药艾条（艾灸条）28g*10支/盒,28g*10支,0,0,29.8,29.8
394,[同仁堂]天麻丸 9g*10丸/盒,9g*10丸/盒,0,0,18.4,18.4
395,[吉春黄金]藤黄健骨丸3.5g*12丸/盒,3.5g*12丸/盒,0,0,13,13
396,[吉春黄金]g莶风湿胶囊0.25g*12粒/盒,0.25g*12粒/盒,0,0,16,16
397,[老君炉]麝香接骨胶囊0.3g*10粒*3板,0.3g*10粒*3板,0,0,28,28
398,[奥奇宁]骨康胶囊0.4g*48粒/盒,0.4g*48粒,0,0,78,78
399,[立效]复方三七胶囊0.25g*10粒*3板,0.25g*10粒*3板,0,0,15,15
400,[中山]活血止痛胶囊0.25g*10粒*3板,0.25g*10粒*3板,1,0,15,15
401,[飞云]雷公藤多苷片10mg*100片/盒,10mg*100片,0,0,24,24
402,[桔王]活血止痛片0.8g*36片/盒,0.8g*36片,0,0,23,23
403,[山庄]颈复康颗粒5g*14袋,5g*14袋,0,0,47.5,47.5
404,[立效]独活寄生丸9g*10丸/盒,9g*10丸,0,0,29,29
405,[金珞通神]麝香壮骨膏7cm*10cm*4片*3袋,7cm*10cm*4片*3袋,0,0,31.2,31.2
406,[瑞盈]腰息痛胶囊0.3g*32粒/盒,0.3g*32粒/盒,1,0,23.4,23.4
407,[升和]美洛昔康片7.5mg*10片/盒,7.5mg*10片,0,0,17,17
408,[一正]消炎镇痛膏7cm*10cm*6贴,7cm*10cm*6贴,0,0,28.6,28.6
409,[吉春] 活络镇痛片 0.6g*30片/盒,0.6g*30片/盒,0,0,65,65
410,[东泰]风湿圣药胶囊0.3g*20粒/板*2板/盒,0.3g*20粒/板*2板/盒,0,0,38.4,38.4
411,[易维特]盐酸雷洛昔芬片60mg*7片/盒,60mg*7片/盒,0,0,118,118
412,云南白药膏6.5cm*10cm*10片,6.5cm*10cm*10片,0,0,66.7,66.7
413,[东春]雪上一枝蒿速效止痛搽剂30ml,30ml,0,0,58.3,58.3
414,[大红鹰]美洛昔康片7.5mg*10片/盒,7.5mg*10片/盒,0,0,32.5,32.5
415,[万通]精制狗皮膏7cm*10cm*8贴/盒,7cm*10cm*8贴,0,0,18.7,18.7
416,[云中山]骨刺宁胶囊0.3g*48粒,0.3g*48粒,0,0,104.5,104.5
417,[中理]接骨七厘片0.3g*30片/盒,0.3g*30片,0,0,69,69
418,[云南白药]麝香跌打风湿膏7cm*10cm*2贴*2袋,7cm*10cm*2贴*2袋,0,0,25,25
419,[盘龙]痛风舒片0.33g*30片/盒,0.33g*30片,1,0,18,18
420,[洛列通]洛索洛芬钠片60mg*24片,60mg*24片,0,0,59,59
421,[九泓]脂必妥片0.35g*10片*3板/盒,0.35g*10片*3板,0,0,14,14
422,[安博诺]厄贝沙坦氢氯噻嗪片150mg:12.5mg*7片/盒,150mg:12.5mg*7片,8,0,36.3,36.3
423,[蒙诺]福辛普利钠片10mg*14片/盒,10mg*14片/盒,0,0,49.5,49.5
424,[缓宁]氯沙坦钾片50mg*7片/盒,50mg*7片,0,0,38.5,38.5
425,[北大维信]血脂康胶囊0.3g*12粒/盒,0.3g*12粒/盒,0,1,18.8,18.8
426,[业锐]冠心丹参滴丸0.04g*150粒/盒,0.04g*150粒,0,0,35,35
427,[白云山]华佗再造丸8g*8袋/盒,8g*8袋,0,0,40.6,40.6
428,[科苏]厄贝沙坦片75mg*12片/盒,75mg*12片,0,0,87.9,87.9
429,[络活喜]苯磺酸氨氯地平片 5mgX7片,5mg*7s,10,0,27,34.8
430,[众生]复方血栓通胶囊0.5g*30粒,0.5g*10粒*3板,0,0,26.9,26.9
431,[立普妥]阿托伐他汀钙片20mg*28片,20mg*28片,0,0,255.2,255.2
432,[福人]补心气口服液 10ml*6支,10ml*6支,6,0,27.2,27.2
433,[海普]辅酶Q10胶囊 10mg*60粒,10mg*60粒,0,0,18,18
434,[异乐定]单硝酸异山梨酯缓释胶囊(Ⅳ)50mg*10粒*2板,50mg*10粒*2板,0,0,81,81
435,[倍他乐克]酒石酸美托洛尔片25mg*20片*1板,25mg*20片*1板,0,0,9.3,9.3
436,[忆辛]辛伐他汀片20mg*10片*1板,20mg*10片*1板,0,0,15.6,15.6
437,[天安堂]卡托普利片25mg*100片,25mg*100片,6,0,5.3,5.3
438,[洪天]清肝降压胶囊0.5g*10粒*2板,0.5g*10粒*2板,0,0,36,36
439,[双鲸]月见草油胶丸0.3g*40粒,0.3g*40粒,0,0,11.1,11.1
440,[欧意]阿司匹林肠溶片100mg*36片,100mg*36片,0,0,12,12
441,[同仁堂]偏瘫复原丸9g*10丸,9g*10丸,0,0,16.4,16.4
442,[白云山]复方丹参片(薄膜衣) 200片,200片,0,0,30.4,30.4
443,[龙城]银杏叶片12片*2板/盒,12片*2板,0,0,7,7
444,[邦坦]替米沙坦片40mg×24片/盒,40mg×24片,1,0,14.8,14.8
445,[豪降之]厄贝沙坦分散片0.15g*12片/盒,0.15g*12片,0,0,35.1,35.1
446,[信邦]益心舒胶囊0.4g*36粒/盒,0.4g*36粒,0,0,41,41
447,[利培]厄贝沙坦氢氯噻嗪分散片 150:12.5mg*7片,150:12.5mg*7片,2,0,38.5,38.5
448,[异乐定] 单硝酸异山梨酯缓释胶囊(Ⅳ) 50mg*10粒,50mg*10粒,0,0,59.8,59.8
449,[赛诺维]消栓肠溶胶囊 0.2g*12粒,0.2g*12粒,0,0,29.4,29.4
450,[SHYNDEC]马来酸依那普利片10mg*16片/盒,10mg*16片,0,0,8.6,8.6
451,[地奥]硝苯地平缓释片10mg*30片,10mg*30片,0,0,18.9,18.9
452,[维和]血塞通胶囊0.1g*8粒*2板,0.1g*8粒*2板,1,0,29.4,29.4
453,[亚宝]头风痛胶囊0.5g*24粒/盒,0.5g*24粒/盒,0,0,28,28
454,[必洛斯]坎地沙坦酯片8mg*7片/盒,8mg*7片/盒,0,0,43,43
455,[云鹏]复方罗布麻片(I)100片/瓶,100片,0,0,9.8,9.8
456,[万爽力]盐酸曲美他嗪片20mg*30片/盒,20mg*30片,0,0,58,58
457,[鲁南厚普]心通口服液10ml*6支/盒,10ml*6支,0,0,55,55
458,[久保平]硝苯地平缓释片(III)30mg*7片/盒,30mg*7片/盒,0,0,39.8,39.8
459,[北大维信]血脂康胶囊0.3g*24粒/盒,0.3g*24粒,2,1,38.8,38.8
460,[舒夫坦]瑞舒伐他汀钙片10mg*7片/盒,10mg*7片,0,0,50.5,50.5
461,[晨牌]银杏叶片24片,24片,0,0,18.6,18.6
462,[恒欣]硝苯地平缓释片(Ⅰ)10mg*60片/盒,10mg*60片,0,0,13,13
463,[新瑙力隆二维三七桂利嗪胶囊10粒,10粒,0,0,38,38
464,[拜瑞妥]利伐沙班片20mg*7片,20mg*7片,0,0,269,269
465,[江波] 非洛地平缓释片5mg×20片/盒,5mg×20片/盒,0,0,26,26
466,[维康舒神]降脂灵分散片0.5g*12片*3板/盒,0.5g*12片*3板/盒,1,0,66,66
467,[中大]血塞通分散片 18片,18片,0,0,18,18
468,[景峰制药]乐脉丸1.5g*9袋/盒,1.5g*9袋,0,0,38,38
469,[常州四药]酒石酸美托洛尔片 25mg*20片,25mg*20片,0,0,8.5,8.5
470,[HENCER]复方地龙胶囊0.28g*12粒,0.28g*12粒,0,0,29.6,29.6
471,[美尔瑞]益脉康片40mg*30片/盒,40mg*30片/盒,0,0,25.7,25.7
472,[苏莱乐]富马酸比索洛尔片5mg*14片*1板,5mg*14片*1板,6,1,37,37
473,[曲新克治]酒石酸美托洛尔片25mg*20片,25mg*20片,0,0,12,12
474,[利培]厄贝沙坦氢氯噻嗪分散片12.5mg*10片/盒,12.5mg*10片/盒,0,0,67,67
475,[三力]强力天麻杜仲胶囊0.4g*24粒/盒,0.4g*24粒,0,0,23,23
476,[中桂]盐酸倍他司汀口服液10ml:20mg*15支,10ml:20mg*15支,0,0,35,35
477,[鲁抗]辛伐他汀片10mg*7片*3板/盒,10mg*7片*3板,0,0,26,26
478,[中大]抗栓胶囊0.3g*15粒*4板,0.3g*15粒*4板,0,0,91,91
479,[舒甚]脂降宁片15片*3板,15片*3板,0,0,16.3,16.3
480,[吉春黄金]降脂宁颗粒10g*9袋,10g*9袋,0,0,41,41
481,[汤臣倍健]大豆磷脂软胶囊200g,200g,0,0,228,228
482,[优力盖]钙加维生素D软胶囊172.5g,172.5g,0,0,118,118
483,[优力盖]珍珠大豆钙软胶囊80g,80g,0,0,138,138
484,养生堂牌天然维生素C咀嚼片110.5g,110.5g,0,0,138,138
485,[汤臣倍健]牛初乳加钙咀嚼片72g,72g,0,0,148,148
486,百合康牌鱼油软胶囊200g,200g,0,0,198,198
487,[汤臣倍健]番茄红素维生素E软胶囊30g,30g,0,0,268,268
488,百合康牌鱼油软胶囊100g,100g,0,0,118,118
489,[善元堂]铁锌钙咀嚼片180g,180g,0,0,128,128
490,[善元堂]妙语大豆蛋白乳清蛋白牛磺酸粉336g(8g*42袋),336g(8g*42袋),0,0,338,338
491,[京都念慈C]乌梅糖45克,2.5g*18粒/盒,2,0,19.3,19.3
492,[汤臣倍健]钙维生素D维生素K软胶囊 1000mg×200粒×2瓶,1000mg×200粒×2瓶,0,0,276,276
493,[王老吉]润喉糖56g,56g,5,0,13.9,13.9
494,[农夫山泉]尖叫活性肽运动型550ml口味随机,550ml,0,0,6,6
495,[康师傅]酸梅汤500ml,500ml,1,0,3.5,3.5
496,[汤臣倍健] 牛初乳加钙咀嚼片 60片*2瓶,60片*2瓶,0,0,186,186
497,[百合康]大豆卵磷脂软胶囊120g(1.2g/粒*100粒),120g(1.2g/粒*100粒),0,0,216,216
498,[善元堂]维生素C咀嚼片15片/罐,15片/罐,0,0,24,24
499,[善元堂]百合康牌大豆提取物软胶囊50g,50g,0,0,176,176
500,[善元堂]源生堂牌螺旋藻片125g,125g,0,0,166,166
501,[善元堂]维生素C咀嚼片120g,120g,0,0,108,108
502,[善元堂]维生素B族软胶囊(买2送1)180g,180g,0,0,216,216
503,[善元堂]银杏叶软胶囊30g,30g,0,0,188,188
504,[善元堂]芊芊软胶囊60g,60g,0,0,138,138
505,[慢严舒柠]好爽润喉糖枇杷味40g(15粒),40g,0,0,24,24
506,[百合康]钙维D片100g(1.0g*100片),100g(1.0g*100片),0,0,168,168
507,[慢严舒柠]菁韵含片2g*10粒,2g*10粒,0,0,19.8,19.8
508,[养生堂]成长快乐牌复合维生素软片(果味型)3.0g*80粒,3.0g*80粒,0,0,97,97
509,[迈迪]甲硝唑口腔粘贴片5mg*10片,5mg*10片,6,0,15.9,15.9
510,[德众]鼻炎康片0.37g*72片,0.37g*72片,2,0,17.8,23.6
511,[润洁]萘敏维滴眼液10ml,10ml,37,4,13.5,17.5
512,[白云山]口炎清颗粒(无糖型)3g*10袋,3g*10袋,5,0,21.5,21.5
513,[双吉]红霉素眼膏 2.5g,2.5g/支/盒,60,6,3.8,3.8
514,[常泰]口炎清颗粒10g*12袋,10g*12袋,1,0,24,24
515,[星瑞克]曲安奈德鼻喷雾剂9ml/盒,9ml,1,0,39.8,39.8
516,[华神]鼻渊舒口服液(无糖型)10ml*6支,10ml*6支,5,1,18,19.1
517,[利君集团]口腔炎喷雾剂20ml,20ml,1,0,39.8,39.8
518,[太极]鼻窦炎口服液10ml*12支,10ml*12支,2,0,56.6,56.6
519,[晶灿]氧氟沙星滴耳液8ml:24mg,8ml:24mg,2,0,8,8
520,[依利亚安]人工牛黄甲硝唑胶囊10粒*2板,10粒*2板,1,0,8,8
521,[吉春黄金]胆香鼻炎片36片,36片,1,0,19.9,19.9
522,[仲景]明目地黄丸(浓缩丸)200丸,200丸,0,0,55.8,55.8
523,[晶安]盐酸羟苄唑滴眼液8ml:8mg,8ml:8mg,0,0,11.5,11.5
524,[迪康]滴通鼻炎水 16ml,16ml,3,0,12.9,12.9
525,[会康]萘敏维滴眼液10ml/盒,10ml/盒,0,0,15,15
526,[鹅城]鼻舒适片60片/瓶/盒,60片/瓶,0,0,11.7,11.7
527,[白云山]口洁喷雾剂20ml,20ml,0,0,42.9,42.9
528,[科瑞]甲硝唑芬布芬胶囊10粒*2板,10粒*2板,1,0,13,13
529,[尖峰]玻璃酸钠滴眼液5ml:5mg(0.1%)/盒,5ml:5mg(0.1%),1,0,28,28
530,[新康泰克]盐酸赛洛唑啉鼻用喷雾剂10ml：10mg,10ml：10mg,0,0,97.5,97.5
531,[奇星]千柏鼻炎片 100片,100片,1,0,28.6,28.6
532,[求康]萘敏维滴眼液8ml/盒,8ml/盒,0,0,20.7,20.7
533,[太湖美]珍珠明目滴眼液10ml/盒,10ml,0,0,4.6,4.6
534,[仁和]氯化钠滴眼液10ml,10ml,1,0,19.5,19.5
535,[同仁堂]耳聋左慈丸60g,60g,0,0,15.4,15.4
536,[小乐敦]复方牛磺酸滴眼液13ml,13ml,3,0,22.7,22.7
537,[太极]耳聋左慈丸200丸,200丸,0,0,19,19
538,[吉春]通窍鼻炎片15片*3板,15片*3板,0,0,29.5,29.5
539,[易啖清]口炎清胶囊0.5g*24粒,0.5g*24粒,1,0,17.6,17.6
540,[爱丽]玻璃酸钠滴眼液 5ml:15mg:0.3%,5ml:15mg:0.3%,0,0,44.5,44.5
541,[仙达安]盐酸西替利嗪口服溶液0.1%*60ml/盒,0.1%*60ml,0,0,28.6,28.6
542,[同仁堂]鼻炎灵片0.3g*20片/盒,0.3g*20片,1,1,21.8,21.8
543,[力度伸]维生素C泡腾片(橙味)1g*10片,1g*10片,17,1,22.3,23.8
544,[善存]多维元素片(29)100片,100片,2,0,142,142
545,[中国药材]玉屏风颗粒5g*15袋,5g*15袋,5,0,42,42
546,[金钙尔奇]碳酸钙维D3元素片(4)60片,60片,0,0,102,102
547,[九芝堂]杞菊地黄丸(浓缩丸)200丸,200丸,11,0,11.4,11.4
548,[同仁堂]左归丸 9g*6袋/盒,9g*6袋,2,0,158,158
549,[九芝堂]补中益气丸(浓缩丸)200丸,200丸,0,0,16.5,16.5
550,[太极]补肾益寿胶囊0.3g*60粒,0.3g*60粒,0,0,98.5,98.5
551,[东阿]阿胶(红标铁盒)500g,500g,0,0,2998,2998
552,[力生]维生素C片0.1g*100片,0.1g*100片,6,1,8,8
553,[华中]维生素B2片5mg*100片/瓶,5mg*100片,33,0,5,5
554,[御生堂]知柏地黄丸9g*10丸,9g*10丸,0,0,12.8,12.8
555,[小儿朗迪]碳酸钙D3颗粒1.5g*18袋/盒,1.5g*18袋/盒,0,0,68,68
556,[常泰]心神宁片 0.25g*48片/盒,0.25g*48片,0,0,28,28
557,[力生] 叶酸片 5mg*100片/瓶,5mg*100片,0,0,13.5,13.5
558,[神奇]精乌胶囊 0.45g*90粒,0.45g*90粒,0,0,84,84
559,[星鲨]维生素D滴剂(胶囊型)400单位*12粒*3板,400单位*12粒*3板,1,0,55,58
560,[普济堂]金匮肾气丸6g*10丸/盒,6g*10丸,0,0,15,15
561,[中大]六味地黄胶囊0.3g*80粒,0.3g*80粒,0,0,65,65
562,[修正]精芪双参胶囊0.23g*12粒*3板/盒,0.23g*12粒*3板/盒,0,0,160,160
563,[佛慈]附子理中丸(浓缩丸)200丸,200丸,0,0,23.1,23.1
564,[雍合堂]阿胶益寿口服液20ml*10支,20ml*10支,0,0,88,88
565,[云丰]六味地黄丸10袋/盒,10袋/盒,0,0,28,28
566,[锐邦]六味地黄胶囊120粒/盒,120粒/盒,0,0,51.7,51.7
567,[仁和]六味地黄胶囊0.3g*12粒*5板,0.3g*12粒*5板,0,0,98,98
568,[纽兰]生脉饮(党参方)10ml*10支,10ml*10支,0,0,31.8,31.8
569,[双鲸]鱼肝油乳500ml,500ml,0,0,27.2,27.2
570,[胡庆余堂]大补阴丸60g,60g,5,0,23.9,23.9
571,[力生]维生素B6片10mg*100片,10mg*100片,1,0,8.2,8.2
572,[仁和]补脑安神片18片*2板/盒,18片*2板,0,0,34.5,34.5
573,[21金维他]多维元素片(21） 30粒/瓶,30粒/瓶,0,0,24.8,24.8
574,[东阿]复方阿胶浆(无蔗糖)20ml*12支,20ml*12支,2,0,123.9,123.9
575,[安坤]安坤颗粒10g*12袋/盒,10g*12袋/盒,3,1,46.8,46.8
576,[洛沃克]盐酸黄酮哌酯片200mg*12片/盒,200mg*12片,0,0,12,12
577,[威门]热淋清颗粒 4g*8袋/盒,4g*8袋,0,0,48,48
578,[吉春黄金]通淋胶囊0.3g*24粒,0.3g*24粒,0,0,22.5,22.5
579,[贵州百灵]泌淋清胶囊0.4g*12粒*3板,0.4g*12粒*3板,0,0,43.8,43.8
580,[三金]三金片0.29g*18片*3板,0.29g*18片*3板,6,0,23.5,25.7
581,[金甘]金钱草颗粒10g*20袋,10g*20袋,0,0,25,25
582,[百慈]热淋清胶囊0.3g*60粒,0.3g*60粒,1,0,48,48
583,[湘江] 阿魏酸哌嗪片 50mg*100片,50mg*100片,3,0,28.5,28.5
584,[严力宁]黄藤素分散片36s/盒,36s,0,0,55,55
585,[百年康鑫]热淋清片0.6g*24片,0.6g*24片,0,0,15.8,15.8
586,[米维]盐酸米多君片2.5mg*20片/盒,2.5mg*20片,0,0,62,62
587,[金贵]中宁枸杞(特级)200g,200g,0,0,26.7,26.7
588,[绿珍堂绿生]鹿茸粉 1g*30袋,1g*30袋,0,0,298,298
589,[绿珍堂绿生]西洋参粉1g*30袋,1g*30袋,0,0,249,249
590,[盘龙云海]三七粉200g,200g,0,0,259.2,259.2
591,[绿珍堂绿生]灵芝粉1g*30袋,1g*30袋,0,0,158,158
592,[绿珍堂绿生]珍珠粉 1g*30袋,1g*30袋,0,0,76,76
593,[北京同仁堂]鹿茸粉1g*6瓶/盒,1g*6瓶/盒,0,0,150,150
594,[绿珍堂绿生]茯苓粉 1g*30袋,1g*30袋,0,0,59,59
595,[绿珍堂绿生]紫丹参粉1g*30袋,1g*30袋,0,0,177,177
596,[绿珍堂绿生]滇制何首乌粉 1g*30袋,1g*30袋,0,0,118,118
597,[国金]银黄颗粒4g*10袋,4g*10袋,7,0,11.5,11.5
598,[天士力]穿心莲内酯滴丸0.15g*15袋,0.15g*15袋,3,0,38.9,38.9
599,[云南白药]清肺抑火片0.6g*12片*2板,0.6g*12片*2板,5,0,13.8,13.8
600,[仁和]清火胶囊0.5g*12粒*2板,0.5g*12粒*2板,15,0,19,19
601,[康福]清火片24片*2板,24片*2板,5,0,9.5,9.5
602,[惠松]复方鱼腥草合剂10ml*12支,10ml*12支,5,0,32,32
603,[白云山]复方板蓝根颗粒15g*20袋,15g*20袋,33,1,19.5,19.5
604,[紫鑫]二丁颗粒20g*10袋/盒,20g*10袋/盒,0,0,40,40
605,[昆中]板蓝清热颗粒10g*20袋/盒,10g*20袋/盒,0,0,35,35
606,[金牛牌]消炎退热颗粒10g*8袋,10g*8袋,0,0,19.8,19.8
607,[科瑞]莲芝消炎片0.28g*12片*2板,0.28g*12片*2板,0,0,30,30
608,[银诺克]五福化毒丸20丸*9袋,20丸*9袋,0,0,19.5,19.5
609,[太福]板蓝根颗粒10g*20袋,10g*20袋,0,0,12.8,12.8
610,[依科]夏桑菊颗粒10g*20袋,10g*20袋,1,1,16,16
611,[百泉]牛黄上清片24片*2板,24片*2板,5,0,15,15
612,[三精]一清颗粒7.5g*9袋,7.5g*9袋,0,0,12.6,12.6
613,[以岭]双花草珊瑚含片0.5g*33片/盒,0.5g*33片/盒,0,0,33,33
614,[福乐]清开灵口服液10ml*6支,10ml*6支,0,0,14.9,14.9
615,[依科]板蓝根颗粒10g*20袋,10g*20袋,5,1,8.5,8.5
616,[安徽仁和]黄连上清片(糖衣片)24片*2板,24片*2板,0,0,14.8,14.8
617,[恩华]蒲地蓝消炎胶囊 0.4g*36粒,0.4g*36粒,0,0,39.8,39.8
618,[太龙]双黄连口服液20ml*9支,20ml*9支,0,0,16,16
619,[金诃] 如意珍宝丸 0.5g*20丸,0.5g*20丸,0,0,76.7,76.7
620,[逢春]银翘解毒颗粒15g*10袋,15g*10袋,1,0,87.5,87.5
621,[海外]安神补脑片0.31g*12片,0.31g*12片,2,0,12,12
622,[贵州益康]全天麻胶囊0.5g*12粒,0.5g*12粒,0,0,18.5,18.5
623,[飞赛乐]盐酸苯环壬酯片2mg*6片,2mg*6片,1,0,31.8,31.8
624,[九芝堂]天王补心丸(小蜜丸)120g,120g,0,0,31.8,31.8
625,[同德堂]脑心舒口服液10ml*10支,10ml*10支,0,0,18,18
626,[希尔安]血府逐瘀片0.45g*12片*3板/盒,0.45g*12片*3板/盒,0,0,42.9,42.9
627,[康福]解郁安神颗粒5g*10袋,5g*10袋,1,0,19,19
628,[康缘]天舒胶囊0.34g*10粒*6板,0.34g*10粒*6板,2,0,54.6,54.6
629,[康福]安神胶囊0.25g*60粒,0.25g*60粒,0,0,28,28
630,[棉花朵朵] 双头型棉签 100支/袋,100支/袋,19,0,2.8,2.8
631,[万力]一次性PVC检查手套 无粉L号 100只,无粉L号 100只,0,0,55,55
632,[棉花朵朵]无菌敷贴 10cm*25cm/袋,10cm*25cm/袋,15,1,3.5,3.5
